﻿<?xml version="1.0" encoding="utf-8"?>
<helpItems schema="maml">

<command:command xmlns:maml="http://schemas.microsoft.com/maml/2004/10" xmlns:command="http://schemas.microsoft.com/maml/dev/command/2004/10" xmlns:dev="http://schemas.microsoft.com/maml/dev/2004/10" xmlns:MSHelp="http://msdn.microsoft.com/mshelp">
<command:details><command:name>Invoke-LtPoistInstall</command:name>
<command:verb>Invoke</command:verb>
<command:noun>LtPoistInstall</command:noun>
<maml:description><maml:para>Short description
</maml:para>
</maml:description>
</command:details>
<maml:description><maml:para>Long description
</maml:para>
</maml:description>
<command:syntax><command:syntaxItem><maml:name>Invoke-LtPoistInstall</maml:name>
<command:parameter required="false" variableLength="true" globbing="false" pipelineInput="False" position="1" aliases="none"><maml:name>OutputPath</maml:name>
<maml:Description><maml:para>Specifies the output path.
</maml:para>
</maml:Description>
<command:parameterValue required="true" variableLength="false">Object</command:parameterValue>
<dev:type><maml:name>Object</maml:name>
<maml:uri /></dev:type>
<dev:defaultValue>[IO.Path]::Combine($PSscriptRoot,'LtPostInstall')</dev:defaultValue>
</command:parameter>
<command:parameter required="false" variableLength="true" globbing="false" pipelineInput="False" position="2" aliases="none"><maml:name>ConfigData</maml:name>
<maml:Description><maml:para>Specifies the config data.
</maml:para>
</maml:Description>
<command:parameterValue required="true" variableLength="false">Object</command:parameterValue>
<dev:type><maml:name>Object</maml:name>
<maml:uri /></dev:type>
<dev:defaultValue>[IO.Path]::Combine($PSscriptRoot,'LtPostInstall.psd1')</dev:defaultValue>
</command:parameter>
</command:syntaxItem>
</command:syntax>
<command:parameters><command:parameter required="false" variableLength="true" globbing="false" pipelineInput="False" position="1" aliases="none"><maml:name>OutputPath</maml:name>
<maml:Description><maml:para>Specifies the output path.
</maml:para>
</maml:Description>
<command:parameterValue required="true" variableLength="false">Object</command:parameterValue>
<dev:type><maml:name>Object</maml:name>
<maml:uri /></dev:type>
<dev:defaultValue>[IO.Path]::Combine($PSscriptRoot,'LtPostInstall')</dev:defaultValue>
</command:parameter>
<command:parameter required="false" variableLength="true" globbing="false" pipelineInput="False" position="2" aliases="none"><maml:name>ConfigData</maml:name>
<maml:Description><maml:para>Specifies the config data.
</maml:para>
</maml:Description>
<command:parameterValue required="true" variableLength="false">Object</command:parameterValue>
<dev:type><maml:name>Object</maml:name>
<maml:uri /></dev:type>
<dev:defaultValue>[IO.Path]::Combine($PSscriptRoot,'LtPostInstall.psd1')</dev:defaultValue>
</command:parameter>
</command:parameters>
<command:inputTypes><command:inputType><dev:type><maml:name>Inputs to this cmdlet (if any)</maml:name>
</dev:type>
<maml:description><maml:para>
</maml:para>
</maml:description>
</command:inputType>
</command:inputTypes>
<command:returnValues></command:returnValues>
<maml:alertSet><maml:alert><maml:para>
</maml:para>
</maml:alert>
</maml:alertSet>
<command:examples><command:example><maml:title>-------------------------- EXAMPLE 1 --------------------------</maml:title>
<dev:code>Example of how to use this cmdlet</dev:code>
<dev:remarks><maml:para>
</maml:para>
</dev:remarks>
</command:example>
<command:example><maml:title>-------------------------- EXAMPLE 2 --------------------------</maml:title>
<dev:code>Another example of how to use this cmdlet</dev:code>
<dev:remarks><maml:para>
</maml:para>
</dev:remarks>
</command:example>
</command:examples>
<command:relatedLinks></command:relatedLinks>
</command:command>
</helpItems>
